sensor_id,timestamp,temperature,humidity,location,sensor_type
1088,2025-04-01 13:22:13,16.18,53.67,BuildingB_Floor1,TypeA
1039,2025-04-03 13:00:57,25.71,43.89,BuildingA_Floor2,TypeB
1065,2025-04-03 07:20:45,28.16,68.08,BuildingB_Floor2,TypeA
1054,2025-03-30 13:05:14,22.04,69.71,BuildingB_Floor2,TypeC
1059,2025-04-01 03:38:49,22.41,39.52,BuildingB_Floor1,TypeA
1093,2025-04-02 04:44:11,16.16,73.56,BuildingA_Floor1,TypeB
1025,2025-03-31 20:37:03,26.89,74.26,BuildingB_Floor1,TypeA
1002,2025-03-30 11:43:10,24.16,52.22,BuildingB_Floor1,TypeA
1063,2025-03-30 13:35:43,28.03,75.2,BuildingB_Floor2,TypeC
1062,2025-03-31 14:18:06,19.08,43.6,BuildingA_Floor1,TypeB
1028,2025-04-03 04:46:23,25.44,78.17,BuildingB_Floor1,TypeC
1063,2025-03-30 04:14:58,34.72,79.19,BuildingB_Floor1,TypeC
1087,2025-04-02 09:19:10,28.71,46.72,BuildingA_Floor2,TypeC
1042,2025-03-31 23:20:55,30.32,55.1,BuildingA_Floor1,TypeC
1014,2025-04-03 13:49:24,29.22,32.07,BuildingA_Floor1,TypeB
1012,2025-04-03 14:25:46,22.21,56.07,BuildingA_Floor2,TypeB
1084,2025-04-01 01:08:36,20.04,74.1,BuildingA_Floor1,TypeA
1067,2025-03-30 06:26:40,21.64,74.12,BuildingA_Floor1,TypeC
1065,2025-04-01 15:38:51,34.09,44.23,BuildingA_Floor2,TypeB
1060,2025-04-02 03:39:46,33.29,35.53,BuildingB_Floor2,TypeB
1012,2025-03-30 06:27:10,23.59,55.16,BuildingA_Floor1,TypeA
1021,2025-04-03 07:59:22,21.66,40.01,BuildingB_Floor2,TypeA
1039,2025-04-03 07:56:05,34.66,66.37,BuildingB_Floor2,TypeC
1072,2025-04-03 02:09:50,30.32,64.02,BuildingB_Floor1,TypeB
1093,2025-03-30 08:56:33,33.97,58.12,BuildingA_Floor2,TypeB
1038,2025-04-03 08:21:03,32.86,39.96,BuildingA_Floor1,TypeB
1068,2025-03-31 11:17:51,32.55,49.34,BuildingB_Floor2,TypeC
1048,2025-03-30 11:45:08,22.57,53.72,BuildingA_Floor1,TypeA
1099,2025-04-01 19:47:51,27.94,51.88,BuildingA_Floor2,TypeA
1056,2025-04-02 00:33:17,20.83,72.51,BuildingB_Floor2,TypeA
1096,2025-04-01 17:04:18,25.33,63.3,BuildingB_Floor1,TypeC
1041,2025-04-03 05:25:54,31.78,33.67,BuildingB_Floor1,TypeA
1057,2025-04-01 23:02:16,32.87,42.3,BuildingB_Floor1,TypeB
1095,2025-03-31 16:46:42,28.8,49.49,BuildingB_Floor1,TypeB
1037,2025-03-31 07:24:02,16.35,78.97,BuildingA_Floor1,TypeA
1014,2025-03-31 01:57:11,26.29,50.54,BuildingA_Floor2,TypeA
1046,2025-04-02 03:36:42,30.29,65.01,BuildingA_Floor2,TypeB
1091,2025-03-31 19:49:35,18.77,30.97,BuildingB_Floor2,TypeB
1030,2025-04-02 10:08:26,19.21,40.59,BuildingA_Floor2,TypeA
1037,2025-03-29 21:39:53,33.13,57.55,BuildingA_Floor2,TypeC
1015,2025-03-29 21:47:15,23.49,77.99,BuildingA_Floor1,TypeB
1086,2025-04-03 15:44:20,24.83,37.1,BuildingB_Floor1,TypeA
1056,2025-03-30 23:18:32,29.24,43.42,BuildingB_Floor1,TypeA
1030,2025-03-30 20:59:33,28.24,31.18,BuildingA_Floor1,TypeB
1029,2025-04-01 04:15:27,29.38,54.1,BuildingA_Floor1,TypeB
1079,2025-04-03 15:37:48,26.08,54.52,BuildingA_Floor1,TypeB
1034,2025-03-31 03:48:44,19.07,76.78,BuildingA_Floor1,TypeA
1053,2025-04-03 06:56:42,26.31,69.92,BuildingA_Floor2,TypeB
1092,2025-04-02 16:08:07,22.43,65.15,BuildingA_Floor2,TypeB
1045,2025-03-30 08:50:26,18.11,34.74,BuildingB_Floor1,TypeA
1021,2025-03-30 19:19:50,31.82,30.0,BuildingA_Floor1,TypeA
1050,2025-03-30 08:37:55,28.6,74.87,BuildingA_Floor2,TypeB
1063,2025-04-02 21:08:25,25.8,46.65,BuildingA_Floor2,TypeA
1023,2025-03-31 16:42:16,27.63,31.05,BuildingA_Floor1,TypeA
1006,2025-03-31 00:05:19,17.75,76.68,BuildingB_Floor2,TypeC
1036,2025-03-31 08:03:59,28.57,59.8,BuildingB_Floor1,TypeB
1090,2025-04-02 12:34:06,26.35,58.44,BuildingB_Floor1,TypeA
1082,2025-04-01 22:06:12,31.41,77.53,BuildingB_Floor1,TypeA
1044,2025-04-03 19:22:27,30.53,65.01,BuildingB_Floor1,TypeC
1092,2025-03-30 02:27:35,25.52,64.96,BuildingB_Floor2,TypeB
1016,2025-03-31 21:31:19,28.3,72.01,BuildingB_Floor1,TypeC
1095,2025-03-30 14:36:11,34.73,79.04,BuildingB_Floor2,TypeC
1026,2025-03-31 08:12:34,31.46,58.01,BuildingA_Floor2,TypeC
1061,2025-04-01 14:19:13,19.78,69.58,BuildingA_Floor2,TypeA
1012,2025-04-01 23:09:54,16.43,43.07,BuildingB_Floor1,TypeA
1036,2025-04-01 01:07:23,22.8,77.38,BuildingB_Floor2,TypeC
1030,2025-04-03 07:15:01,18.8,74.03,BuildingB_Floor2,TypeA
1022,2025-04-03 08:15:00,24.33,63.18,BuildingA_Floor2,TypeC
1078,2025-04-01 10:41:28,16.91,46.86,BuildingA_Floor1,TypeC
1054,2025-03-30 05:46:56,27.69,47.19,BuildingB_Floor2,TypeA
1049,2025-04-01 16:24:56,31.98,68.82,BuildingA_Floor1,TypeC
1035,2025-04-02 02:53:51,28.15,60.02,BuildingA_Floor1,TypeA
1073,2025-03-30 22:22:41,17.55,61.89,BuildingB_Floor1,TypeA
1040,2025-03-30 16:05:13,27.15,62.01,BuildingB_Floor2,TypeB
1066,2025-04-02 22:57:15,17.8,30.41,BuildingA_Floor2,TypeC
1057,2025-03-31 11:32:12,27.88,34.65,BuildingA_Floor1,TypeC
1082,2025-03-29 22:27:04,19.19,51.14,BuildingA_Floor2,TypeC
1072,2025-04-01 01:40:56,25.45,39.7,BuildingA_Floor1,TypeC
1035,2025-04-03 06:34:05,23.23,47.07,BuildingA_Floor2,TypeC
1008,2025-04-02 23:32:48,30.68,40.05,BuildingB_Floor2,TypeB
1066,2025-04-02 21:13:57,23.06,56.34,BuildingA_Floor2,TypeB
1074,2025-04-02 13:55:43,29.87,48.9,BuildingB_Floor1,TypeB
1044,2025-03-31 16:26:51,30.69,34.39,BuildingB_Floor2,TypeB
1075,2025-03-30 14:40:17,19.1,57.69,BuildingB_Floor2,TypeB
1039,2025-03-31 19:33:37,16.86,38.19,BuildingB_Floor2,TypeA
1023,2025-04-01 17:55:33,25.6,52.04,BuildingA_Floor2,TypeA
1053,2025-04-02 23:02:31,24.31,66.8,BuildingB_Floor1,TypeC
1054,2025-04-03 05:42:13,16.47,30.87,BuildingB_Floor2,TypeC
1067,2025-04-01 13:35:55,23.39,56.83,BuildingA_Floor2,TypeB
1081,2025-04-01 13:29:10,24.71,48.15,BuildingA_Floor2,TypeA
1031,2025-04-03 03:17:32,26.39,44.29,BuildingB_Floor2,TypeB
1052,2025-03-30 13:23:59,34.66,72.34,BuildingA_Floor1,TypeB
1010,2025-03-30 20:26:00,26.41,51.06,BuildingA_Floor2,TypeC
1018,2025-03-31 01:46:11,19.78,36.75,BuildingA_Floor1,TypeA
1032,2025-04-02 04:22:36,25.28,65.28,BuildingB_Floor2,TypeC
1077,2025-03-31 06:26:43,34.14,42.11,BuildingA_Floor1,TypeA
1062,2025-04-03 18:02:17,19.12,39.94,BuildingB_Floor2,TypeC
1017,2025-03-29 23:03:36,29.81,32.83,BuildingB_Floor1,TypeB
1039,2025-04-01 23:53:58,17.41,50.41,BuildingB_Floor1,TypeC
1063,2025-04-02 14:11:18,32.82,36.09,BuildingB_Floor2,TypeC
1047,2025-03-30 00:57:53,15.08,37.71,BuildingA_Floor1,TypeC
1017,2025-04-01 04:02:03,25.54,74.4,BuildingB_Floor1,TypeA
1079,2025-04-01 08:29:04,21.82,54.56,BuildingA_Floor2,TypeB
1007,2025-04-01 01:52:42,23.81,41.07,BuildingA_Floor2,TypeB
1086,2025-03-31 18:10:32,34.8,35.32,BuildingB_Floor1,TypeC
1096,2025-03-31 21:22:54,30.19,63.97,BuildingA_Floor1,TypeA
1075,2025-04-01 18:57:59,27.07,75.82,BuildingB_Floor1,TypeB
1059,2025-04-03 18:18:28,32.42,74.04,BuildingA_Floor2,TypeB
1064,2025-04-01 23:40:12,32.84,69.76,BuildingA_Floor1,TypeC
1092,2025-03-31 12:57:14,15.87,44.81,BuildingB_Floor2,TypeC
1075,2025-03-31 04:58:15,25.93,36.34,BuildingA_Floor1,TypeB
1005,2025-04-01 23:41:35,26.36,32.25,BuildingA_Floor2,TypeA
1086,2025-04-02 18:42:54,23.83,47.63,BuildingB_Floor2,TypeC
1091,2025-03-30 09:06:28,32.41,61.48,BuildingA_Floor1,TypeA
1067,2025-04-02 21:42:25,24.04,47.74,BuildingA_Floor1,TypeB
1062,2025-04-02 19:03:05,31.34,45.33,BuildingB_Floor2,TypeB
1019,2025-03-30 22:51:10,32.54,60.79,BuildingA_Floor2,TypeA
1075,2025-04-01 20:37:09,22.58,67.95,BuildingA_Floor2,TypeB
1066,2025-03-31 09:51:30,25.22,66.16,BuildingB_Floor1,TypeA
1010,2025-04-03 18:41:43,33.14,34.16,BuildingB_Floor1,TypeA
1047,2025-03-29 22:06:25,15.84,64.41,BuildingA_Floor1,TypeA
1062,2025-03-31 12:29:37,23.98,32.94,BuildingB_Floor2,TypeA
1096,2025-04-01 18:22:37,20.21,79.57,BuildingB_Floor2,TypeA
1015,2025-04-03 00:20:46,15.68,73.79,BuildingA_Floor1,TypeA
1034,2025-03-30 12:49:50,27.04,77.74,BuildingB_Floor1,TypeA
1035,2025-03-30 14:29:20,20.6,33.42,BuildingB_Floor2,TypeB
1010,2025-03-31 08:56:59,27.17,72.81,BuildingA_Floor1,TypeA
1033,2025-04-02 09:24:21,19.95,50.15,BuildingB_Floor2,TypeB
1019,2025-04-01 05:39:23,16.67,50.62,BuildingA_Floor1,TypeA
1096,2025-03-31 11:42:33,17.58,67.96,BuildingB_Floor1,TypeA
1056,2025-04-03 11:58:23,15.44,49.66,BuildingB_Floor1,TypeA
1043,2025-04-02 09:31:39,20.98,51.17,BuildingA_Floor2,TypeB
1031,2025-04-02 16:42:38,15.71,39.97,BuildingB_Floor2,TypeA
1025,2025-03-30 17:33:24,20.74,62.22,BuildingA_Floor2,TypeB
1093,2025-03-30 13:35:02,16.02,65.38,BuildingB_Floor1,TypeC
1099,2025-04-02 07:12:36,33.58,73.39,BuildingA_Floor1,TypeB
1022,2025-04-02 14:52:01,32.59,33.54,BuildingB_Floor1,TypeC
1083,2025-04-01 03:48:30,26.1,47.42,BuildingA_Floor1,TypeC
1071,2025-04-02 20:16:47,31.53,63.85,BuildingB_Floor1,TypeB
1004,2025-04-02 23:26:26,19.58,37.57,BuildingA_Floor2,TypeC
1029,2025-03-30 14:49:33,29.47,61.51,BuildingB_Floor1,TypeA
1066,2025-03-30 03:22:57,33.61,62.34,BuildingB_Floor1,TypeA
1078,2025-04-02 00:10:02,33.99,36.93,BuildingA_Floor1,TypeB
1068,2025-03-30 11:41:36,28.45,76.91,BuildingA_Floor2,TypeB
1036,2025-03-29 20:33:03,30.23,41.99,BuildingA_Floor1,TypeB
1079,2025-04-02 02:00:42,23.18,44.8,BuildingA_Floor1,TypeA
1017,2025-03-31 22:35:23,20.08,49.2,BuildingB_Floor2,TypeA
1059,2025-04-03 04:43:11,19.08,31.85,BuildingB_Floor2,TypeA
1040,2025-03-30 13:20:53,30.92,44.24,BuildingA_Floor2,TypeC
1009,2025-04-03 18:26:34,33.0,76.64,BuildingB_Floor1,TypeB
1047,2025-04-03 06:11:22,35.0,63.41,BuildingA_Floor1,TypeB
1056,2025-04-02 02:58:20,28.31,34.39,BuildingA_Floor1,TypeB
1001,2025-04-02 20:05:43,22.05,60.72,BuildingB_Floor1,TypeC
1098,2025-04-03 17:42:45,29.34,56.65,BuildingA_Floor2,TypeC
1026,2025-04-03 06:46:38,32.66,51.4,BuildingB_Floor1,TypeA
1042,2025-04-03 07:23:35,33.29,40.05,BuildingB_Floor1,TypeB
1001,2025-03-31 08:18:42,25.02,77.51,BuildingA_Floor2,TypeC
1028,2025-04-01 17:01:41,34.55,35.37,BuildingA_Floor1,TypeA
1033,2025-04-03 15:56:24,22.1,55.71,BuildingA_Floor1,TypeB
1070,2025-04-02 23:52:58,20.39,37.28,BuildingB_Floor2,TypeA
1065,2025-04-02 21:18:09,27.8,58.17,BuildingA_Floor2,TypeB
1066,2025-04-01 08:24:52,32.43,77.14,BuildingA_Floor2,TypeC
1087,2025-04-01 08:11:01,29.14,42.1,BuildingA_Floor1,TypeC
1038,2025-03-29 20:37:37,34.53,57.72,BuildingB_Floor1,TypeA
1058,2025-04-02 15:21:54,30.3,79.64,BuildingA_Floor2,TypeC
1034,2025-04-03 09:56:33,17.77,50.92,BuildingA_Floor2,TypeB
1021,2025-04-03 05:45:50,33.17,34.26,BuildingB_Floor2,TypeC
1049,2025-03-30 21:44:24,24.3,31.14,BuildingA_Floor1,TypeA
1046,2025-04-03 02:21:55,20.89,33.17,BuildingB_Floor1,TypeB
1004,2025-04-01 19:55:22,30.16,62.71,BuildingA_Floor2,TypeC
1013,2025-04-03 17:33:09,27.56,47.82,BuildingB_Floor2,TypeB
1052,2025-04-01 13:48:26,20.25,42.46,BuildingB_Floor2,TypeC
1045,2025-04-01 08:31:17,15.34,50.63,BuildingA_Floor1,TypeB
1070,2025-04-02 00:18:47,20.26,38.8,BuildingB_Floor1,TypeA
1040,2025-04-03 05:28:37,23.0,60.17,BuildingB_Floor1,TypeB
1089,2025-03-31 21:09:47,26.66,69.34,BuildingB_Floor2,TypeA
1014,2025-04-01 06:26:20,16.73,78.65,BuildingB_Floor2,TypeC
1061,2025-03-31 17:15:37,30.69,48.92,BuildingB_Floor2,TypeC
1025,2025-04-02 07:19:43,21.04,53.78,BuildingB_Floor2,TypeC
1098,2025-03-31 09:16:03,18.15,50.55,BuildingA_Floor2,TypeB
1099,2025-04-02 11:25:36,23.06,79.6,BuildingA_Floor1,TypeC
1091,2025-04-02 01:40:29,21.63,40.33,BuildingB_Floor1,TypeB
1009,2025-04-02 20:20:53,29.83,45.03,BuildingB_Floor2,TypeA
1001,2025-04-03 09:30:25,24.76,57.27,BuildingA_Floor1,TypeA
1059,2025-03-30 08:45:06,27.87,65.07,BuildingB_Floor1,TypeA
1046,2025-03-31 10:58:23,31.48,70.3,BuildingB_Floor1,TypeC
1027,2025-03-31 07:10:48,30.3,66.13,BuildingB_Floor2,TypeA
1058,2025-04-01 03:34:32,24.58,39.97,BuildingB_Floor2,TypeB
1042,2025-03-30 01:38:50,27.32,42.96,BuildingB_Floor1,TypeC
1009,2025-04-02 10:39:16,33.71,64.63,BuildingB_Floor2,TypeC
1097,2025-04-01 00:13:26,31.73,44.29,BuildingB_Floor1,TypeA
1063,2025-03-30 05:36:28,18.07,78.56,BuildingB_Floor1,TypeB
1005,2025-04-01 12:54:42,28.83,75.13,BuildingB_Floor2,TypeB
1036,2025-04-02 09:06:22,31.36,45.46,BuildingA_Floor2,TypeC
1070,2025-03-30 15:02:34,31.22,79.48,BuildingA_Floor2,TypeC
1020,2025-04-01 00:58:47,29.3,49.73,BuildingA_Floor2,TypeA
1061,2025-04-03 06:01:11,19.48,70.57,BuildingA_Floor2,TypeA
1078,2025-04-02 22:49:49,26.39,67.97,BuildingB_Floor2,TypeC
1013,2025-03-31 03:49:10,31.07,42.33,BuildingB_Floor2,TypeA
1080,2025-03-31 14:36:56,26.78,41.48,BuildingB_Floor1,TypeC
1087,2025-04-01 16:58:30,33.5,42.45,BuildingB_Floor1,TypeA
1057,2025-04-01 09:30:30,21.05,56.49,BuildingA_Floor1,TypeA
1071,2025-04-02 11:59:55,19.64,52.26,BuildingA_Floor2,TypeB
1047,2025-04-01 13:13:51,19.25,79.5,BuildingA_Floor2,TypeA
1069,2025-04-03 19:21:35,16.67,43.55,BuildingA_Floor1,TypeC
1011,2025-04-02 18:33:53,27.94,48.38,BuildingB_Floor2,TypeB
1070,2025-04-02 15:19:48,23.56,60.97,BuildingA_Floor2,TypeC
1087,2025-04-03 17:38:08,19.8,56.16,BuildingB_Floor1,TypeA
1055,2025-04-02 00:36:37,18.37,52.16,BuildingA_Floor2,TypeB
1086,2025-04-02 19:22:28,20.09,54.81,BuildingA_Floor2,TypeB
1021,2025-03-29 22:40:08,23.04,67.02,BuildingB_Floor1,TypeB
1056,2025-04-02 14:19:08,34.23,59.77,BuildingB_Floor2,TypeB
1096,2025-03-30 18:52:48,29.29,35.94,BuildingA_Floor1,TypeB
1079,2025-04-01 21:10:54,20.24,54.16,BuildingA_Floor1,TypeA
1080,2025-04-02 16:55:15,32.92,62.99,BuildingA_Floor2,TypeA
1025,2025-03-31 12:01:56,34.97,61.73,BuildingA_Floor1,TypeB
1079,2025-04-01 10:30:15,32.2,73.78,BuildingA_Floor1,TypeA
1075,2025-04-01 04:15:08,25.59,61.82,BuildingB_Floor2,TypeB
1075,2025-03-29 20:24:51,29.63,66.24,BuildingB_Floor2,TypeC
1032,2025-03-31 05:51:45,32.85,52.68,BuildingB_Floor1,TypeB
1063,2025-04-02 07:09:00,15.31,52.55,BuildingB_Floor2,TypeC
1057,2025-03-31 01:14:28,27.0,63.69,BuildingA_Floor2,TypeC
1059,2025-04-01 05:18:50,17.12,69.44,BuildingB_Floor2,TypeA
1059,2025-04-02 10:05:09,30.84,44.23,BuildingA_Floor1,TypeB
1074,2025-04-03 05:20:12,16.5,46.55,BuildingB_Floor1,TypeA
1087,2025-03-31 01:41:40,31.86,57.57,BuildingB_Floor2,TypeC
1039,2025-03-30 22:11:02,22.57,49.19,BuildingB_Floor2,TypeC
1059,2025-04-03 18:34:47,21.72,36.56,BuildingB_Floor1,TypeC
1054,2025-03-31 05:34:55,15.2,58.55,BuildingB_Floor2,TypeB
1084,2025-04-03 05:41:01,27.81,53.71,BuildingA_Floor1,TypeC
1082,2025-03-31 14:01:24,18.01,49.34,BuildingA_Floor2,TypeB
1041,2025-03-30 10:11:01,17.05,44.76,BuildingA_Floor1,TypeC
1032,2025-04-01 17:00:26,31.91,62.39,BuildingA_Floor2,TypeA
1028,2025-03-30 05:06:31,22.89,33.55,BuildingB_Floor2,TypeB
1076,2025-04-03 17:59:57,32.29,75.45,BuildingB_Floor1,TypeC
1027,2025-04-02 00:37:39,25.89,71.82,BuildingA_Floor1,TypeA
1079,2025-04-02 00:16:13,30.84,70.68,BuildingA_Floor1,TypeB
1095,2025-03-30 14:44:56,20.67,59.86,BuildingA_Floor2,TypeC
1080,2025-04-01 23:09:24,16.64,75.35,BuildingA_Floor1,TypeB
1078,2025-03-31 17:17:51,20.66,68.61,BuildingB_Floor1,TypeB
1098,2025-03-30 09:09:00,29.18,53.02,BuildingA_Floor2,TypeC
1096,2025-04-03 15:23:16,17.94,39.49,BuildingA_Floor2,TypeB
1089,2025-04-02 00:23:23,31.4,58.35,BuildingB_Floor2,TypeA
1081,2025-04-03 06:21:31,31.84,78.44,BuildingB_Floor1,TypeB
1046,2025-03-29 23:05:58,20.21,34.0,BuildingA_Floor1,TypeA
1052,2025-04-02 16:35:32,24.03,70.08,BuildingB_Floor1,TypeC
1027,2025-03-31 10:09:47,33.59,53.72,BuildingB_Floor1,TypeA
1023,2025-04-01 16:19:43,17.63,50.21,BuildingA_Floor1,TypeA
1016,2025-04-02 04:09:43,26.33,48.58,BuildingB_Floor2,TypeC
1081,2025-04-03 05:03:24,20.56,77.01,BuildingA_Floor2,TypeB
1092,2025-04-02 22:30:00,29.64,31.3,BuildingA_Floor2,TypeB
1098,2025-03-30 08:08:34,26.39,78.17,BuildingA_Floor2,TypeC
1029,2025-03-31 20:45:04,27.33,75.29,BuildingB_Floor1,TypeC
1022,2025-03-30 22:13:36,29.0,47.9,BuildingA_Floor1,TypeB
1031,2025-03-30 15:10:56,25.49,75.92,BuildingB_Floor1,TypeA
1073,2025-03-30 20:10:34,26.8,48.77,BuildingA_Floor1,TypeA
1065,2025-04-01 23:20:54,26.0,38.95,BuildingA_Floor1,TypeA
1086,2025-03-30 00:37:17,26.36,68.83,BuildingA_Floor1,TypeB
1013,2025-04-01 22:15:16,28.61,55.66,BuildingA_Floor1,TypeA
1055,2025-04-01 01:53:17,18.24,50.31,BuildingA_Floor1,TypeA
1096,2025-04-01 22:38:07,25.48,36.62,BuildingB_Floor2,TypeA
1088,2025-04-02 03:34:33,21.72,35.71,BuildingA_Floor1,TypeC
1017,2025-03-31 23:08:12,30.29,48.61,BuildingB_Floor2,TypeC
1005,2025-04-03 15:17:07,24.86,32.22,BuildingA_Floor2,TypeB
1098,2025-04-02 23:20:35,22.11,47.21,BuildingA_Floor1,TypeC
1077,2025-03-30 03:27:34,26.87,71.02,BuildingA_Floor2,TypeA
1095,2025-04-03 01:47:57,24.99,36.7,BuildingB_Floor2,TypeC
1087,2025-03-31 12:30:54,31.25,46.85,BuildingA_Floor1,TypeB
1031,2025-04-01 06:32:35,18.57,35.45,BuildingB_Floor1,TypeC
1064,2025-03-31 11:46:37,18.62,49.41,BuildingA_Floor2,TypeB
1099,2025-03-31 06:26:11,25.24,56.9,BuildingA_Floor2,TypeB
1037,2025-04-03 18:06:04,22.6,73.82,BuildingA_Floor2,TypeC
1011,2025-04-02 13:10:12,29.27,48.1,BuildingA_Floor1,TypeA
1058,2025-03-30 19:37:30,19.58,47.11,BuildingA_Floor1,TypeB
1005,2025-04-01 04:36:47,28.29,39.76,BuildingA_Floor2,TypeA
1017,2025-04-01 19:31:57,27.07,52.33,BuildingA_Floor2,TypeC
1022,2025-04-03 07:19:10,25.22,77.27,BuildingB_Floor2,TypeC
1042,2025-04-01 05:15:58,24.48,52.44,BuildingB_Floor2,TypeC
1074,2025-03-31 04:11:43,32.78,78.58,BuildingB_Floor2,TypeA
1021,2025-03-29 23:27:53,20.64,66.53,BuildingB_Floor1,TypeA
1045,2025-04-02 09:50:27,19.12,45.29,BuildingB_Floor1,TypeA
1022,2025-04-01 16:10:38,18.07,74.02,BuildingA_Floor2,TypeB
1034,2025-04-02 22:58:29,17.87,65.34,BuildingB_Floor1,TypeA
1031,2025-04-03 14:58:59,25.38,46.04,BuildingA_Floor2,TypeB
1091,2025-03-31 13:20:59,32.34,31.16,BuildingA_Floor1,TypeA
1090,2025-04-03 10:56:03,17.63,79.78,BuildingA_Floor1,TypeC
1063,2025-03-30 19:25:14,16.42,64.39,BuildingA_Floor2,TypeB
1079,2025-04-01 09:20:43,15.73,61.95,BuildingB_Floor1,TypeA
1024,2025-04-02 10:03:52,28.56,72.37,BuildingA_Floor1,TypeB
1017,2025-04-03 10:35:31,34.38,79.59,BuildingA_Floor2,TypeC
1084,2025-03-31 00:23:21,26.91,35.96,BuildingA_Floor2,TypeC
1016,2025-04-02 07:47:44,34.46,57.49,BuildingB_Floor1,TypeC
1022,2025-03-30 08:36:34,30.98,74.59,BuildingB_Floor1,TypeC
1054,2025-04-02 01:48:27,25.56,72.07,BuildingA_Floor2,TypeA
1098,2025-04-03 17:58:28,32.67,73.6,BuildingA_Floor2,TypeB
1072,2025-04-02 13:14:42,20.59,48.95,BuildingB_Floor2,TypeA
1004,2025-04-03 12:57:01,31.14,37.37,BuildingA_Floor1,TypeB
1040,2025-04-03 14:52:02,33.22,49.85,BuildingB_Floor1,TypeC
1031,2025-04-03 01:18:45,18.32,73.89,BuildingA_Floor2,TypeA
1067,2025-03-30 07:43:51,24.77,47.95,BuildingB_Floor1,TypeB
1005,2025-03-31 01:16:27,27.6,65.83,BuildingB_Floor2,TypeA
1048,2025-04-02 10:32:10,17.88,68.6,BuildingA_Floor2,TypeA
1060,2025-03-30 22:48:19,19.7,61.32,BuildingB_Floor2,TypeC
1015,2025-04-03 09:37:24,28.62,78.79,BuildingB_Floor1,TypeA
1043,2025-04-03 09:42:35,20.12,53.33,BuildingB_Floor1,TypeC
1056,2025-04-01 21:12:49,26.37,64.5,BuildingA_Floor2,TypeA
1065,2025-04-01 12:14:29,28.47,36.21,BuildingB_Floor1,TypeA
1074,2025-03-31 05:30:35,28.42,76.91,BuildingB_Floor1,TypeB
1045,2025-04-02 19:31:04,29.19,32.6,BuildingB_Floor1,TypeC
1036,2025-04-03 05:46:01,22.42,58.8,BuildingA_Floor1,TypeC
1020,2025-03-30 11:35:48,30.25,71.11,BuildingB_Floor1,TypeB
1083,2025-04-01 16:51:16,30.16,61.94,BuildingB_Floor1,TypeC
1055,2025-03-30 11:10:48,28.94,32.45,BuildingB_Floor2,TypeA
1087,2025-03-31 15:27:21,28.64,71.14,BuildingA_Floor1,TypeA
1061,2025-04-01 07:53:13,29.22,68.21,BuildingB_Floor2,TypeB
1067,2025-04-01 23:36:32,34.79,71.21,BuildingA_Floor2,TypeA
1071,2025-03-30 14:07:17,32.82,38.12,BuildingB_Floor2,TypeC
1024,2025-04-03 07:30:04,21.28,78.56,BuildingA_Floor1,TypeB
1049,2025-04-01 00:11:44,29.08,42.55,BuildingB_Floor2,TypeA
1061,2025-04-01 17:25:34,25.21,75.68,BuildingA_Floor1,TypeB
1084,2025-03-31 12:35:34,19.4,56.21,BuildingB_Floor2,TypeC
1081,2025-04-03 18:37:31,26.88,66.8,BuildingA_Floor2,TypeB
1055,2025-04-01 17:41:34,32.64,63.11,BuildingA_Floor2,TypeB
1075,2025-03-31 11:10:09,20.39,54.27,BuildingA_Floor2,TypeB
1018,2025-03-31 04:54:36,21.43,35.67,BuildingB_Floor1,TypeA
1037,2025-04-03 10:35:56,20.97,70.26,BuildingB_Floor1,TypeA
1084,2025-03-30 07:16:39,28.91,67.43,BuildingB_Floor1,TypeC
1003,2025-04-02 00:02:21,22.52,72.85,BuildingA_Floor2,TypeB
1095,2025-04-01 21:43:14,33.55,62.05,BuildingB_Floor2,TypeA
1073,2025-03-31 00:24:57,19.43,45.4,BuildingB_Floor1,TypeB
1045,2025-04-03 03:09:57,22.31,45.39,BuildingA_Floor2,TypeA
1072,2025-04-03 16:37:08,27.91,74.71,BuildingB_Floor2,TypeC
1074,2025-04-03 12:03:30,28.39,36.61,BuildingB_Floor2,TypeB
1019,2025-03-31 21:18:30,26.71,42.41,BuildingA_Floor2,TypeC
1093,2025-04-01 21:21:31,32.57,78.75,BuildingA_Floor1,TypeA
1018,2025-04-02 20:55:08,22.17,71.65,BuildingB_Floor1,TypeA
1038,2025-03-30 03:27:00,23.93,66.47,BuildingA_Floor2,TypeC
1084,2025-03-30 05:51:24,26.27,44.15,BuildingB_Floor1,TypeA
1059,2025-03-30 03:21:56,17.01,56.73,BuildingA_Floor1,TypeA
1043,2025-03-29 21:01:19,18.33,32.9,BuildingA_Floor1,TypeB
1099,2025-03-30 08:44:07,18.94,37.96,BuildingA_Floor2,TypeA
1022,2025-04-02 08:10:50,29.25,54.3,BuildingA_Floor1,TypeB
1068,2025-04-02 08:40:56,23.19,33.25,BuildingB_Floor2,TypeA
1025,2025-03-31 15:14:01,15.47,70.34,BuildingA_Floor1,TypeA
1097,2025-04-01 09:05:27,32.61,67.8,BuildingA_Floor2,TypeB
1025,2025-03-31 11:04:26,26.91,66.6,BuildingB_Floor1,TypeA
1069,2025-04-02 02:01:55,25.96,34.75,BuildingA_Floor1,TypeC
1046,2025-04-01 18:23:51,26.5,56.88,BuildingA_Floor2,TypeB
1019,2025-04-01 00:12:07,22.38,45.11,BuildingA_Floor2,TypeC
1039,2025-04-02 17:22:16,15.89,67.11,BuildingB_Floor1,TypeC
1069,2025-04-02 06:50:44,30.57,47.51,BuildingA_Floor2,TypeC
1059,2025-04-02 10:45:38,22.41,42.77,BuildingA_Floor2,TypeB
1058,2025-04-03 03:55:32,28.25,41.11,BuildingA_Floor1,TypeC
1058,2025-03-30 08:06:53,32.31,61.02,BuildingB_Floor1,TypeB
1007,2025-04-01 23:19:04,17.93,51.32,BuildingA_Floor2,TypeC
1014,2025-04-03 15:38:06,34.14,63.21,BuildingA_Floor2,TypeC
1004,2025-04-03 05:43:31,17.38,54.88,BuildingB_Floor1,TypeA
1056,2025-03-31 05:48:05,24.9,74.51,BuildingA_Floor2,TypeB
1004,2025-04-01 17:42:54,16.94,46.53,BuildingA_Floor2,TypeC
1014,2025-04-03 14:53:39,16.54,39.44,BuildingB_Floor1,TypeB
1026,2025-04-01 16:37:29,18.65,66.93,BuildingA_Floor1,TypeA
1076,2025-03-29 23:14:01,20.2,76.55,BuildingB_Floor2,TypeC
1028,2025-04-02 11:29:03,28.83,63.66,BuildingB_Floor1,TypeC
1013,2025-03-30 17:04:11,31.79,64.72,BuildingB_Floor1,TypeA
1093,2025-04-03 13:51:02,34.09,46.14,BuildingB_Floor1,TypeC
1081,2025-04-02 07:59:31,17.94,48.45,BuildingB_Floor1,TypeC
1050,2025-04-02 13:47:47,30.8,74.73,BuildingB_Floor2,TypeC
1055,2025-04-02 07:38:35,23.31,33.11,BuildingA_Floor1,TypeC
1042,2025-04-01 20:09:25,29.39,70.48,BuildingB_Floor2,TypeB
1073,2025-04-01 16:09:03,25.28,49.44,BuildingA_Floor2,TypeB
1023,2025-04-01 06:40:59,31.89,45.86,BuildingA_Floor1,TypeA
1011,2025-04-01 07:53:41,17.46,47.27,BuildingA_Floor2,TypeA
1000,2025-04-03 11:03:55,17.69,30.08,BuildingA_Floor1,TypeB
1078,2025-03-30 08:22:04,16.12,73.95,BuildingA_Floor2,TypeC
1007,2025-04-01 07:51:23,22.72,54.56,BuildingB_Floor1,TypeA
1071,2025-03-30 02:15:06,21.28,35.15,BuildingA_Floor2,TypeA
1010,2025-04-01 15:55:06,31.51,57.46,BuildingB_Floor2,TypeC
1004,2025-04-01 17:01:36,22.89,44.9,BuildingA_Floor1,TypeA
1081,2025-03-31 18:23:01,26.55,34.04,BuildingB_Floor2,TypeA
1035,2025-03-30 01:59:37,22.07,70.88,BuildingB_Floor1,TypeB
1027,2025-03-30 17:52:36,28.54,56.53,BuildingA_Floor2,TypeB
1050,2025-03-30 23:07:54,33.58,31.87,BuildingB_Floor1,TypeA
1046,2025-03-30 22:03:55,30.44,57.87,BuildingB_Floor1,TypeB
1090,2025-03-31 08:15:56,26.53,79.66,BuildingA_Floor2,TypeB
1062,2025-04-01 00:24:02,33.39,34.31,BuildingB_Floor2,TypeA
1080,2025-04-01 19:53:30,15.08,31.88,BuildingB_Floor1,TypeC
1051,2025-04-02 21:51:36,30.79,56.23,BuildingA_Floor2,TypeA
1090,2025-04-03 09:13:17,29.47,63.03,BuildingB_Floor2,TypeB
1003,2025-03-30 11:27:56,27.74,40.85,BuildingB_Floor1,TypeB
1043,2025-03-30 01:52:29,34.59,36.48,BuildingA_Floor2,TypeB
1023,2025-04-02 14:31:51,20.61,37.77,BuildingB_Floor1,TypeB
1039,2025-03-30 16:27:06,25.39,70.83,BuildingA_Floor1,TypeC
1091,2025-03-31 22:47:54,26.04,55.86,BuildingB_Floor1,TypeA
1040,2025-04-03 03:45:47,19.11,54.69,BuildingB_Floor2,TypeB
1000,2025-03-29 22:51:00,20.59,76.24,BuildingA_Floor2,TypeB
1095,2025-04-03 15:14:39,24.42,43.76,BuildingB_Floor1,TypeB
1060,2025-04-01 06:00:00,15.23,65.73,BuildingB_Floor2,TypeB
1022,2025-03-31 01:43:56,32.84,62.14,BuildingB_Floor2,TypeB
1026,2025-03-31 17:44:50,28.8,47.9,BuildingA_Floor2,TypeB
1007,2025-04-03 09:49:52,31.54,37.43,BuildingA_Floor2,TypeC
1011,2025-03-30 02:29:39,22.02,62.23,BuildingA_Floor2,TypeA
1024,2025-03-31 16:59:07,20.38,65.91,BuildingA_Floor1,TypeC
1099,2025-04-02 07:49:01,29.64,38.03,BuildingB_Floor2,TypeC
1016,2025-03-31 15:25:19,16.57,47.5,BuildingB_Floor1,TypeA
1058,2025-04-02 07:43:35,23.5,78.96,BuildingB_Floor1,TypeB
1051,2025-03-30 16:14:41,15.92,62.78,BuildingB_Floor1,TypeA
1035,2025-03-30 05:56:23,26.23,64.85,BuildingB_Floor1,TypeC
1067,2025-04-03 02:40:57,16.13,79.88,BuildingA_Floor2,TypeC
1081,2025-04-03 05:25:46,33.77,39.74,BuildingA_Floor2,TypeA
1001,2025-04-02 10:49:24,29.96,52.82,BuildingA_Floor1,TypeC
1061,2025-04-01 19:28:02,17.41,62.75,BuildingB_Floor1,TypeB
1073,2025-04-03 06:07:12,25.07,71.56,BuildingA_Floor1,TypeB
1011,2025-04-01 22:15:17,17.36,70.17,BuildingB_Floor1,TypeC
1077,2025-03-31 08:52:36,32.9,48.4,BuildingA_Floor2,TypeA
1033,2025-03-31 00:01:32,21.66,51.96,BuildingB_Floor1,TypeC
1005,2025-04-03 18:46:01,26.63,55.07,BuildingB_Floor1,TypeB
1066,2025-04-03 14:53:37,26.82,35.4,BuildingB_Floor1,TypeA
1065,2025-03-30 23:50:44,20.34,33.55,BuildingB_Floor2,TypeA
1015,2025-04-02 03:52:41,15.52,32.69,BuildingB_Floor2,TypeC
1080,2025-04-03 19:02:02,19.64,61.96,BuildingA_Floor2,TypeC
1038,2025-04-01 04:30:02,27.86,41.18,BuildingA_Floor1,TypeA
1049,2025-03-30 14:08:20,34.95,33.73,BuildingA_Floor1,TypeB
1052,2025-04-01 23:12:45,31.07,69.71,BuildingA_Floor1,TypeC
1063,2025-04-01 00:51:03,31.3,48.0,BuildingA_Floor2,TypeC
1000,2025-04-03 13:28:54,33.73,42.52,BuildingA_Floor1,TypeC
1023,2025-03-30 00:49:56,34.19,61.8,BuildingB_Floor1,TypeB
1064,2025-04-03 03:34:24,17.45,49.72,BuildingB_Floor1,TypeC
1020,2025-04-03 15:15:09,24.63,44.18,BuildingB_Floor2,TypeB
1000,2025-04-02 23:00:09,33.24,43.8,BuildingB_Floor2,TypeC
1078,2025-04-01 02:58:11,33.78,48.21,BuildingA_Floor1,TypeC
1086,2025-04-01 14:15:23,15.26,44.5,BuildingA_Floor2,TypeA
1045,2025-04-01 07:22:35,27.53,34.41,BuildingB_Floor2,TypeA
1073,2025-03-30 03:33:17,29.45,68.2,BuildingB_Floor2,TypeA
1037,2025-04-02 14:42:34,18.71,61.86,BuildingA_Floor2,TypeC
1035,2025-03-31 23:14:44,34.68,41.67,BuildingB_Floor2,TypeB
1061,2025-03-30 18:32:34,33.44,73.34,BuildingA_Floor1,TypeB
1001,2025-04-02 04:29:26,23.71,31.74,BuildingA_Floor1,TypeA
1017,2025-04-02 07:48:11,32.53,33.74,BuildingB_Floor1,TypeC
1016,2025-03-30 21:21:19,15.51,45.31,BuildingB_Floor2,TypeC
1061,2025-04-01 12:23:32,16.55,42.98,BuildingA_Floor1,TypeA
1079,2025-04-03 16:12:19,17.1,57.35,BuildingA_Floor1,TypeA
1057,2025-03-31 21:28:10,21.85,31.98,BuildingA_Floor1,TypeB
1036,2025-04-02 20:33:44,19.7,61.58,BuildingA_Floor1,TypeA
1087,2025-03-31 22:10:36,24.0,46.03,BuildingA_Floor2,TypeC
1009,2025-04-02 07:33:19,17.09,67.23,BuildingB_Floor1,TypeA
1080,2025-04-02 09:21:39,29.04,51.6,BuildingA_Floor2,TypeB
1057,2025-04-03 17:06:32,26.94,69.09,BuildingA_Floor2,TypeC
1006,2025-03-31 00:23:42,26.51,54.43,BuildingA_Floor2,TypeB
1096,2025-04-02 06:38:33,25.21,75.51,BuildingB_Floor2,TypeB
1074,2025-04-03 19:00:45,29.64,71.85,BuildingB_Floor2,TypeC
1002,2025-03-31 06:29:58,21.4,60.47,BuildingB_Floor1,TypeA
1003,2025-04-01 05:55:55,20.49,46.35,BuildingB_Floor1,TypeB
1094,2025-04-02 05:14:02,28.49,68.1,BuildingB_Floor1,TypeA
1050,2025-04-03 06:35:42,22.89,74.38,BuildingB_Floor1,TypeB
1025,2025-03-30 10:04:02,24.68,43.1,BuildingA_Floor1,TypeB
1035,2025-04-03 18:38:02,33.72,67.11,BuildingB_Floor1,TypeC
1085,2025-03-30 14:41:05,23.45,39.51,BuildingB_Floor2,TypeC
1021,2025-03-31 11:38:16,17.88,78.46,BuildingB_Floor1,TypeB
1055,2025-04-03 00:23:01,22.48,79.24,BuildingB_Floor1,TypeB
1090,2025-04-03 09:52:03,18.19,39.42,BuildingB_Floor1,TypeA
1011,2025-04-02 10:43:36,22.89,37.09,BuildingB_Floor2,TypeA
1020,2025-04-02 07:49:45,20.89,65.28,BuildingA_Floor1,TypeC
1004,2025-03-29 21:18:24,26.75,53.19,BuildingA_Floor1,TypeC
1081,2025-04-02 21:41:18,34.47,60.9,BuildingB_Floor2,TypeA
1022,2025-04-01 04:06:23,18.44,67.09,BuildingB_Floor1,TypeB
1075,2025-04-02 22:31:18,21.93,41.92,BuildingA_Floor1,TypeA
1048,2025-04-02 19:42:23,33.66,79.08,BuildingB_Floor1,TypeA
1000,2025-03-30 19:02:37,19.56,60.03,BuildingA_Floor1,TypeA
1098,2025-04-01 08:49:27,18.56,74.46,BuildingB_Floor1,TypeC
1011,2025-03-29 22:58:26,26.71,57.57,BuildingA_Floor1,TypeB
1063,2025-04-01 06:29:13,20.87,53.61,BuildingA_Floor2,TypeC
1049,2025-04-01 17:50:58,21.79,41.62,BuildingB_Floor2,TypeA
1073,2025-04-03 11:15:49,28.87,66.48,BuildingB_Floor2,TypeB
1089,2025-03-30 15:23:37,30.56,36.8,BuildingA_Floor1,TypeB
1039,2025-03-31 22:41:42,25.35,52.61,BuildingB_Floor2,TypeA
1018,2025-04-03 16:27:57,15.6,51.4,BuildingA_Floor1,TypeC
1015,2025-04-03 08:44:34,20.49,66.19,BuildingB_Floor2,TypeC
1017,2025-04-01 08:22:46,34.1,32.08,BuildingA_Floor1,TypeC
1007,2025-03-30 01:03:52,31.87,37.98,BuildingA_Floor2,TypeB
1013,2025-04-03 18:48:04,32.07,31.51,BuildingA_Floor1,TypeC
1089,2025-03-31 10:33:30,21.28,49.23,BuildingB_Floor1,TypeA
1049,2025-04-03 09:06:26,15.92,54.06,BuildingB_Floor1,TypeA
1097,2025-03-30 21:25:46,26.75,59.98,BuildingB_Floor2,TypeA
1002,2025-04-02 09:13:03,24.37,47.26,BuildingA_Floor2,TypeB
1031,2025-04-01 07:12:32,15.83,79.82,BuildingB_Floor1,TypeC
1014,2025-04-01 22:30:26,24.96,59.4,BuildingA_Floor1,TypeC
1006,2025-03-31 19:18:05,19.24,43.37,BuildingA_Floor1,TypeB
1002,2025-04-01 14:49:48,31.66,40.08,BuildingA_Floor1,TypeA
1028,2025-04-02 19:20:58,20.06,75.3,BuildingA_Floor1,TypeC
1042,2025-04-02 20:07:35,19.77,72.73,BuildingA_Floor1,TypeA
1029,2025-03-31 09:22:05,30.9,41.34,BuildingA_Floor1,TypeA
1078,2025-04-02 04:07:09,25.62,47.5,BuildingB_Floor2,TypeB
1033,2025-03-30 07:38:57,19.93,69.4,BuildingA_Floor2,TypeC
1025,2025-04-03 15:05:15,15.96,65.62,BuildingB_Floor2,TypeA
1035,2025-04-01 07:18:57,34.8,72.09,BuildingA_Floor2,TypeC
1032,2025-04-01 08:19:16,30.32,78.72,BuildingA_Floor1,TypeA
1067,2025-04-01 23:05:43,19.72,67.28,BuildingB_Floor2,TypeA
1028,2025-04-03 18:23:44,19.49,61.77,BuildingB_Floor2,TypeB
1091,2025-03-30 01:16:03,22.64,34.16,BuildingB_Floor1,TypeB
1047,2025-03-30 19:43:46,31.4,71.72,BuildingB_Floor1,TypeB
1065,2025-04-01 17:59:52,19.99,61.08,BuildingB_Floor1,TypeC
1096,2025-04-03 15:41:06,30.8,75.12,BuildingA_Floor2,TypeA
1044,2025-04-02 18:03:09,17.03,62.61,BuildingA_Floor1,TypeC
1098,2025-04-03 16:31:08,18.76,66.87,BuildingA_Floor2,TypeC
1042,2025-03-31 20:45:13,28.33,34.82,BuildingB_Floor2,TypeB
1098,2025-03-30 07:54:03,34.85,75.69,BuildingA_Floor1,TypeB
1032,2025-03-31 22:01:45,22.71,79.09,BuildingB_Floor2,TypeC
1023,2025-03-31 07:51:29,31.33,39.9,BuildingB_Floor2,TypeA
1004,2025-04-01 02:10:45,15.33,45.18,BuildingA_Floor1,TypeA
1055,2025-03-30 01:44:37,31.59,68.72,BuildingA_Floor2,TypeC
1032,2025-04-03 16:29:09,24.97,44.96,BuildingA_Floor1,TypeA
1007,2025-03-31 14:32:14,16.23,37.99,BuildingB_Floor1,TypeB
1023,2025-03-31 07:35:53,34.13,64.83,BuildingB_Floor1,TypeC
1048,2025-04-03 10:56:10,30.42,72.39,BuildingB_Floor1,TypeA
1067,2025-04-01 06:55:12,22.72,41.68,BuildingA_Floor2,TypeB
1084,2025-04-02 05:12:07,28.75,63.38,BuildingB_Floor2,TypeB
1016,2025-03-31 03:22:56,15.82,52.15,BuildingA_Floor1,TypeA
1023,2025-04-01 14:01:35,35.0,33.64,BuildingB_Floor1,TypeB
1019,2025-03-30 14:25:54,20.7,52.49,BuildingA_Floor2,TypeB
1068,2025-04-02 16:02:21,31.17,41.92,BuildingA_Floor2,TypeB
1069,2025-04-03 20:02:17,25.35,44.81,BuildingB_Floor2,TypeC
1045,2025-04-02 10:16:43,24.98,32.29,BuildingB_Floor1,TypeC
1046,2025-04-01 21:44:29,29.44,53.77,BuildingA_Floor2,TypeB
1035,2025-03-31 14:56:34,17.28,77.35,BuildingA_Floor2,TypeC
1013,2025-03-30 03:10:07,20.11,63.14,BuildingB_Floor2,TypeB
1082,2025-04-01 07:11:59,15.21,78.07,BuildingB_Floor2,TypeB
1074,2025-03-30 16:44:04,20.09,64.37,BuildingA_Floor1,TypeA
1056,2025-04-01 17:35:10,34.41,31.72,BuildingA_Floor2,TypeB
1048,2025-03-31 14:37:40,32.3,38.16,BuildingB_Floor2,TypeC
1088,2025-04-03 16:41:46,26.33,62.37,BuildingB_Floor1,TypeA
1067,2025-04-03 07:35:41,30.48,34.34,BuildingB_Floor1,TypeC
1035,2025-03-31 09:29:58,22.85,30.4,BuildingB_Floor1,TypeC
1001,2025-03-31 17:03:36,24.18,39.74,BuildingA_Floor2,TypeC
1064,2025-03-29 23:00:46,30.91,58.53,BuildingB_Floor2,TypeC
1073,2025-03-30 21:00:54,20.5,64.58,BuildingA_Floor2,TypeB
1078,2025-03-31 00:07:42,22.65,64.61,BuildingA_Floor1,TypeB
1027,2025-04-02 20:35:28,22.33,39.67,BuildingA_Floor2,TypeA
1089,2025-04-01 13:14:13,24.58,42.72,BuildingA_Floor2,TypeB
1070,2025-03-29 20:21:05,30.64,48.86,BuildingA_Floor2,TypeA
1069,2025-03-30 12:07:27,24.77,42.59,BuildingA_Floor1,TypeB
1067,2025-03-30 09:23:14,21.37,52.46,BuildingA_Floor1,TypeB
1070,2025-04-01 14:26:15,30.31,66.84,BuildingA_Floor2,TypeB
1033,2025-03-31 17:14:50,32.68,52.16,BuildingA_Floor2,TypeB
1046,2025-04-03 00:12:02,29.76,78.9,BuildingA_Floor1,TypeC
1070,2025-03-31 06:34:14,26.93,55.91,BuildingA_Floor1,TypeA
1033,2025-04-03 03:30:27,19.54,48.29,BuildingA_Floor2,TypeC
1051,2025-04-02 17:22:12,33.73,77.23,BuildingB_Floor1,TypeC
1099,2025-04-03 03:47:33,28.79,69.16,BuildingB_Floor1,TypeB
1067,2025-04-01 14:45:26,26.76,38.71,BuildingA_Floor2,TypeC
1027,2025-04-02 10:15:53,32.1,56.76,BuildingA_Floor2,TypeC
1095,2025-04-02 08:53:18,19.68,36.37,BuildingB_Floor1,TypeA
1038,2025-04-01 10:38:16,30.39,66.74,BuildingB_Floor1,TypeB
1082,2025-03-31 12:00:39,34.07,74.01,BuildingA_Floor2,TypeB
1000,2025-03-30 15:25:28,27.41,44.8,BuildingA_Floor2,TypeA
1000,2025-04-02 17:45:51,19.2,36.76,BuildingB_Floor2,TypeC
1069,2025-03-31 07:28:04,31.31,75.55,BuildingA_Floor2,TypeC
1095,2025-04-01 10:42:44,26.74,33.92,BuildingB_Floor2,TypeA
1058,2025-03-31 21:44:37,16.87,69.99,BuildingB_Floor2,TypeA
1015,2025-04-02 15:27:29,29.94,58.28,BuildingB_Floor1,TypeB
1052,2025-03-30 17:05:18,27.83,65.09,BuildingB_Floor2,TypeA
1091,2025-04-01 19:53:31,27.28,53.73,BuildingA_Floor2,TypeA
1042,2025-04-01 13:39:20,31.52,54.06,BuildingA_Floor1,TypeB
1034,2025-03-30 22:29:48,16.37,38.59,BuildingB_Floor1,TypeB
1025,2025-03-30 11:02:24,22.27,55.4,BuildingB_Floor1,TypeA
1032,2025-03-30 03:11:05,19.63,51.61,BuildingA_Floor2,TypeA
1039,2025-04-01 09:41:56,34.8,58.68,BuildingA_Floor2,TypeA
1042,2025-03-30 08:52:11,25.57,54.64,BuildingA_Floor1,TypeB
1023,2025-04-03 08:43:59,15.82,34.51,BuildingA_Floor1,TypeB
1035,2025-04-03 01:52:50,28.31,66.42,BuildingA_Floor2,TypeA
1100,2025-03-30 03:23:59,30.83,67.34,BuildingA_Floor2,TypeB
1073,2025-03-31 13:03:00,20.47,45.8,BuildingB_Floor2,TypeC
1085,2025-04-02 13:21:42,24.7,45.41,BuildingB_Floor1,TypeC
1047,2025-04-03 06:20:47,33.41,54.98,BuildingB_Floor1,TypeA
1095,2025-03-30 23:19:55,30.27,77.94,BuildingA_Floor2,TypeA
1005,2025-03-29 22:20:15,34.72,59.15,BuildingA_Floor1,TypeB
1005,2025-04-01 19:52:05,29.08,58.54,BuildingB_Floor1,TypeA
1033,2025-04-03 06:38:37,18.18,31.51,BuildingA_Floor1,TypeA
1087,2025-03-31 15:55:47,30.33,42.14,BuildingB_Floor2,TypeA
1016,2025-04-03 11:32:23,22.03,44.3,BuildingB_Floor2,TypeB
1081,2025-03-31 13:11:45,24.42,39.79,BuildingA_Floor1,TypeC
1087,2025-04-01 05:47:37,34.4,46.24,BuildingA_Floor2,TypeB
1071,2025-04-03 15:36:51,16.83,61.52,BuildingA_Floor1,TypeC
1030,2025-04-02 18:53:19,17.7,33.82,BuildingA_Floor2,TypeB
1004,2025-03-30 15:37:45,21.09,47.83,BuildingB_Floor1,TypeA
1041,2025-03-30 15:39:54,17.62,53.78,BuildingB_Floor1,TypeB
1037,2025-04-03 19:11:36,16.74,79.99,BuildingA_Floor1,TypeA
1042,2025-03-30 00:07:25,20.11,51.22,BuildingB_Floor1,TypeC
1013,2025-03-31 03:48:07,25.49,51.75,BuildingB_Floor1,TypeC
1089,2025-03-30 22:25:47,18.98,60.1,BuildingB_Floor1,TypeA
1084,2025-04-01 01:47:12,34.9,55.67,BuildingA_Floor2,TypeB
1004,2025-03-30 07:19:02,23.83,32.27,BuildingA_Floor1,TypeA
1014,2025-04-03 08:50:01,17.05,50.95,BuildingB_Floor2,TypeC
1070,2025-03-31 14:59:49,33.94,50.53,BuildingA_Floor2,TypeA
1098,2025-04-01 00:25:03,28.07,67.26,BuildingB_Floor1,TypeC
1031,2025-04-02 10:58:21,34.2,31.26,BuildingB_Floor2,TypeB
1065,2025-04-02 06:25:52,30.66,51.25,BuildingB_Floor2,TypeB
1025,2025-03-30 20:54:57,28.05,78.87,BuildingA_Floor2,TypeB
1029,2025-04-03 16:42:34,15.2,62.83,BuildingB_Floor2,TypeA
1073,2025-03-29 20:26:51,20.36,58.23,BuildingA_Floor2,TypeC
1092,2025-04-03 17:40:38,30.5,35.22,BuildingB_Floor2,TypeC
1045,2025-03-30 03:45:07,34.65,60.03,BuildingB_Floor2,TypeA
1077,2025-04-02 12:50:38,28.28,79.74,BuildingB_Floor1,TypeC
1011,2025-03-30 19:50:45,19.04,76.23,BuildingB_Floor2,TypeB
1011,2025-04-01 11:09:21,21.54,62.1,BuildingB_Floor2,TypeB
1030,2025-04-02 21:33:10,31.82,67.21,BuildingB_Floor2,TypeC
1086,2025-04-02 16:15:38,33.03,72.53,BuildingB_Floor2,TypeB
1058,2025-04-01 15:05:59,21.1,49.64,BuildingB_Floor1,TypeB
1069,2025-04-03 06:12:00,16.1,44.39,BuildingA_Floor2,TypeA
1051,2025-04-03 14:34:37,24.18,50.01,BuildingB_Floor2,TypeA
1009,2025-04-03 06:47:29,17.79,55.79,BuildingA_Floor1,TypeC
1069,2025-03-30 03:59:53,33.03,42.11,BuildingA_Floor2,TypeC
1013,2025-03-30 22:24:35,21.38,31.01,BuildingA_Floor2,TypeA
1039,2025-04-01 07:25:15,33.25,52.87,BuildingB_Floor2,TypeA
1035,2025-04-02 19:23:00,32.88,59.1,BuildingB_Floor1,TypeA
1090,2025-03-30 12:47:09,28.88,77.33,BuildingA_Floor1,TypeA
1054,2025-03-31 05:30:55,28.85,43.09,BuildingA_Floor2,TypeA
1056,2025-03-31 15:20:32,15.83,40.2,BuildingB_Floor1,TypeA
1052,2025-04-03 05:15:33,29.87,78.55,BuildingB_Floor1,TypeB
1084,2025-04-03 17:50:47,16.67,61.52,BuildingB_Floor1,TypeB
1040,2025-04-01 11:03:50,33.13,78.19,BuildingB_Floor1,TypeA
1084,2025-04-01 04:42:50,25.52,79.83,BuildingB_Floor1,TypeA
1028,2025-03-30 04:15:02,26.33,68.36,BuildingB_Floor1,TypeB
1001,2025-03-29 20:13:16,16.09,48.12,BuildingB_Floor2,TypeC
1054,2025-03-30 19:15:40,32.5,33.86,BuildingB_Floor1,TypeB
1029,2025-04-01 05:33:34,21.7,41.73,BuildingA_Floor1,TypeC
1048,2025-04-03 03:37:35,21.64,35.78,BuildingB_Floor2,TypeA
1092,2025-04-02 09:24:51,20.47,68.96,BuildingA_Floor2,TypeB
1048,2025-04-01 16:57:17,33.79,76.74,BuildingB_Floor1,TypeC
1020,2025-03-30 20:03:46,16.42,64.96,BuildingA_Floor2,TypeC
1003,2025-04-01 07:45:06,18.94,60.07,BuildingA_Floor1,TypeB
1041,2025-03-30 16:25:29,21.89,47.2,BuildingB_Floor1,TypeB
1056,2025-03-29 20:47:35,29.64,43.87,BuildingA_Floor2,TypeB
1095,2025-04-03 06:46:34,30.94,77.87,BuildingA_Floor2,TypeB
1056,2025-04-01 19:29:01,34.04,67.07,BuildingA_Floor2,TypeC
1093,2025-03-30 07:49:44,23.1,34.64,BuildingA_Floor1,TypeA
1003,2025-04-01 16:14:55,30.51,48.86,BuildingA_Floor1,TypeA
1099,2025-03-30 23:12:01,34.74,69.24,BuildingA_Floor1,TypeB
1085,2025-03-30 20:34:44,19.52,79.43,BuildingB_Floor1,TypeA
1048,2025-03-31 17:19:35,32.57,35.74,BuildingA_Floor1,TypeA
1060,2025-04-01 10:14:25,20.12,53.09,BuildingA_Floor1,TypeB
1039,2025-03-29 23:29:44,16.69,69.86,BuildingA_Floor2,TypeC
1084,2025-04-03 19:57:51,24.79,68.8,BuildingA_Floor2,TypeA
1053,2025-04-03 10:29:15,32.39,68.08,BuildingA_Floor1,TypeA
1059,2025-04-03 18:08:36,27.24,47.51,BuildingA_Floor2,TypeB
1026,2025-03-31 14:30:36,29.41,67.75,BuildingB_Floor1,TypeA
1044,2025-03-30 16:26:19,25.6,78.2,BuildingB_Floor2,TypeB
1072,2025-04-01 16:37:54,24.0,55.29,BuildingA_Floor2,TypeC
1009,2025-03-30 04:46:55,23.3,74.14,BuildingB_Floor2,TypeC
1037,2025-03-31 02:35:30,18.63,72.4,BuildingA_Floor2,TypeB
1098,2025-03-30 06:23:52,16.97,58.16,BuildingB_Floor1,TypeC
1085,2025-04-02 02:19:43,28.19,65.28,BuildingA_Floor2,TypeC
1021,2025-04-02 07:55:58,26.16,69.23,BuildingB_Floor2,TypeA
1056,2025-03-31 02:01:13,17.95,51.65,BuildingA_Floor2,TypeB
1065,2025-04-03 09:29:40,23.02,31.49,BuildingB_Floor2,TypeA
1031,2025-04-02 03:06:49,15.83,60.59,BuildingB_Floor1,TypeC
1062,2025-04-03 11:26:57,24.53,31.19,BuildingB_Floor2,TypeA
1034,2025-04-03 13:09:34,27.4,38.44,BuildingB_Floor1,TypeC
1098,2025-04-02 21:10:20,23.2,49.24,BuildingB_Floor2,TypeC
1054,2025-04-01 18:58:03,26.92,73.23,BuildingB_Floor1,TypeB
1018,2025-04-02 16:21:39,32.28,79.09,BuildingA_Floor2,TypeB
1002,2025-04-03 07:08:18,21.62,48.91,BuildingB_Floor2,TypeA
1020,2025-03-31 11:10:12,25.39,64.52,BuildingA_Floor2,TypeB
1052,2025-04-02 18:01:25,16.56,46.24,BuildingB_Floor2,TypeB
1047,2025-04-02 18:15:15,22.22,42.41,BuildingA_Floor1,TypeC
1082,2025-03-30 14:47:04,25.06,57.82,BuildingA_Floor1,TypeC
1073,2025-03-31 19:00:50,30.13,37.47,BuildingB_Floor1,TypeA
1030,2025-04-03 02:06:31,17.38,61.39,BuildingA_Floor2,TypeA
1097,2025-04-02 23:36:06,23.25,62.71,BuildingB_Floor2,TypeC
1075,2025-03-31 14:51:59,16.7,59.88,BuildingA_Floor2,TypeA
1015,2025-03-30 11:26:42,24.82,50.3,BuildingA_Floor1,TypeA
1055,2025-03-30 14:13:50,33.19,75.06,BuildingA_Floor2,TypeC
1095,2025-03-30 18:21:55,32.76,77.24,BuildingB_Floor1,TypeB
1040,2025-04-02 13:08:22,15.29,69.77,BuildingA_Floor2,TypeC
1100,2025-03-29 21:30:22,26.38,52.37,BuildingB_Floor2,TypeC
1011,2025-04-03 02:27:42,21.14,64.8,BuildingB_Floor1,TypeB
1086,2025-04-02 10:10:26,28.27,64.67,BuildingB_Floor2,TypeC
1060,2025-03-31 12:34:16,22.99,69.42,BuildingA_Floor1,TypeB
1014,2025-04-03 06:22:49,19.46,31.26,BuildingB_Floor2,TypeA
1024,2025-04-02 05:15:33,25.36,37.12,BuildingA_Floor2,TypeA
1098,2025-04-01 05:03:46,29.43,47.67,BuildingA_Floor1,TypeA
1054,2025-04-02 04:21:24,25.16,47.26,BuildingB_Floor2,TypeB
1063,2025-04-03 18:59:15,34.62,68.39,BuildingB_Floor1,TypeA
1045,2025-04-02 16:00:50,15.49,67.37,BuildingB_Floor1,TypeA
1098,2025-04-02 16:14:39,22.11,47.12,BuildingA_Floor2,TypeB
1074,2025-04-02 23:40:59,23.72,34.76,BuildingA_Floor2,TypeA
1100,2025-03-30 12:36:14,31.31,77.83,BuildingA_Floor2,TypeC
1082,2025-04-02 13:08:13,21.92,70.16,BuildingB_Floor2,TypeB
1005,2025-04-03 10:57:55,30.94,41.71,BuildingB_Floor2,TypeA
1075,2025-04-02 01:17:21,28.1,61.95,BuildingB_Floor1,TypeB
1056,2025-04-01 20:54:13,23.14,49.56,BuildingA_Floor1,TypeB
1029,2025-04-02 15:18:57,23.85,76.34,BuildingA_Floor2,TypeC
1020,2025-04-02 10:13:28,30.86,38.76,BuildingB_Floor2,TypeB
1004,2025-04-03 11:44:17,31.92,57.94,BuildingA_Floor1,TypeA
1068,2025-04-01 19:37:07,23.05,69.38,BuildingA_Floor1,TypeA
1016,2025-04-01 06:21:25,22.23,60.79,BuildingA_Floor2,TypeC
1021,2025-04-02 17:19:44,18.41,40.37,BuildingB_Floor1,TypeA
1074,2025-04-01 17:19:56,28.78,58.76,BuildingA_Floor2,TypeA
1061,2025-04-01 21:57:52,16.11,36.98,BuildingB_Floor2,TypeC
1080,2025-04-01 21:38:36,24.63,44.76,BuildingB_Floor2,TypeC
1021,2025-04-01 22:51:22,27.38,33.09,BuildingB_Floor2,TypeB
1027,2025-04-02 18:43:58,21.55,35.72,BuildingB_Floor1,TypeA
1097,2025-03-29 21:04:29,29.78,37.24,BuildingB_Floor1,TypeA
1042,2025-03-31 15:34:45,22.23,36.84,BuildingA_Floor1,TypeB
1051,2025-04-02 07:29:05,18.73,68.84,BuildingA_Floor2,TypeB
1031,2025-03-30 14:17:31,28.52,34.29,BuildingA_Floor2,TypeA
1031,2025-03-30 00:08:50,32.48,47.67,BuildingB_Floor1,TypeC
1082,2025-03-31 12:32:05,29.56,31.51,BuildingA_Floor1,TypeA
1056,2025-04-02 01:44:30,31.87,70.35,BuildingA_Floor2,TypeC
1079,2025-03-31 04:15:32,31.87,75.61,BuildingA_Floor1,TypeC
1055,2025-04-03 03:54:43,29.87,53.32,BuildingB_Floor2,TypeA
1050,2025-04-01 14:33:56,34.07,79.28,BuildingB_Floor1,TypeC
1076,2025-04-01 08:24:59,24.61,65.11,BuildingA_Floor1,TypeC
1015,2025-04-02 14:56:24,20.25,63.23,BuildingA_Floor2,TypeB
1079,2025-04-01 12:35:48,26.02,57.8,BuildingA_Floor2,TypeC
1043,2025-04-01 01:10:40,23.65,77.27,BuildingB_Floor1,TypeC
1019,2025-04-02 02:38:54,31.24,59.14,BuildingB_Floor2,TypeC
1005,2025-04-02 18:59:03,18.54,30.59,BuildingB_Floor2,TypeC
1052,2025-04-02 10:17:24,27.72,35.0,BuildingA_Floor1,TypeC
1011,2025-03-30 20:59:47,31.84,39.06,BuildingB_Floor2,TypeB
1012,2025-04-02 20:03:26,30.1,56.35,BuildingB_Floor2,TypeC
1064,2025-04-01 03:15:54,28.58,35.35,BuildingB_Floor2,TypeB
1037,2025-03-31 03:59:29,15.62,73.8,BuildingB_Floor1,TypeB
1075,2025-04-03 11:23:03,18.48,46.22,BuildingA_Floor2,TypeA
1065,2025-03-30 00:49:36,19.44,69.73,BuildingB_Floor2,TypeB
1066,2025-04-01 13:48:16,17.1,42.75,BuildingB_Floor2,TypeC
1027,2025-04-01 12:54:45,17.97,65.6,BuildingB_Floor2,TypeC
1011,2025-03-31 10:43:13,31.72,50.45,BuildingA_Floor1,TypeC
1024,2025-04-02 16:00:01,25.08,38.64,BuildingB_Floor2,TypeC
1054,2025-04-02 08:14:53,23.18,44.85,BuildingB_Floor2,TypeB
1099,2025-04-01 21:54:26,25.34,67.19,BuildingB_Floor1,TypeA
1011,2025-04-03 18:07:45,19.11,69.46,BuildingA_Floor2,TypeB
1014,2025-04-02 00:19:40,21.19,63.88,BuildingB_Floor1,TypeC
1089,2025-04-01 18:52:09,29.32,70.77,BuildingA_Floor2,TypeC
1091,2025-04-03 17:24:19,24.8,73.2,BuildingB_Floor2,TypeA
1083,2025-04-01 18:51:18,18.44,77.39,BuildingA_Floor2,TypeB
1094,2025-04-02 01:01:51,33.88,76.92,BuildingB_Floor2,TypeC
1090,2025-04-01 07:50:42,18.2,61.7,BuildingA_Floor2,TypeB
1034,2025-03-30 06:53:31,25.82,43.98,BuildingB_Floor2,TypeA
1044,2025-04-01 22:57:09,27.0,46.38,BuildingA_Floor1,TypeC
1055,2025-03-30 17:34:25,22.49,73.54,BuildingA_Floor1,TypeB
1013,2025-03-31 08:40:53,30.66,38.15,BuildingA_Floor1,TypeC
1073,2025-04-02 08:05:41,22.07,55.52,BuildingA_Floor2,TypeC
1057,2025-03-31 10:15:18,22.02,33.51,BuildingB_Floor2,TypeA
1079,2025-04-02 00:02:12,29.18,58.89,BuildingB_Floor2,TypeA
1043,2025-03-31 02:15:10,33.08,54.95,BuildingB_Floor1,TypeC
1014,2025-04-03 15:52:37,21.76,59.53,BuildingB_Floor1,TypeC
1049,2025-03-30 13:37:51,21.63,45.18,BuildingB_Floor1,TypeC
1005,2025-03-30 23:42:58,27.53,54.36,BuildingA_Floor2,TypeB
1039,2025-03-31 03:03:54,24.91,47.11,BuildingA_Floor1,TypeA
1007,2025-03-31 15:51:56,15.92,37.77,BuildingB_Floor2,TypeC
1078,2025-04-01 03:03:10,21.69,47.99,BuildingB_Floor2,TypeA
1084,2025-04-02 00:46:08,27.05,36.6,BuildingB_Floor1,TypeB
1037,2025-04-03 01:07:12,34.67,55.56,BuildingA_Floor2,TypeA
1038,2025-04-01 09:34:28,28.89,47.4,BuildingB_Floor1,TypeC
1088,2025-03-31 16:55:17,25.36,49.32,BuildingA_Floor2,TypeC
1037,2025-04-03 18:38:05,20.68,40.0,BuildingA_Floor1,TypeB
1085,2025-04-01 06:18:51,29.38,66.13,BuildingA_Floor1,TypeB
1095,2025-03-31 08:12:42,25.63,70.33,BuildingA_Floor1,TypeA
1048,2025-03-30 04:01:38,19.96,54.15,BuildingA_Floor2,TypeC
1070,2025-04-01 08:26:27,25.47,45.82,BuildingA_Floor2,TypeC
1035,2025-03-30 04:23:48,33.88,73.99,BuildingB_Floor1,TypeA
1008,2025-04-01 02:15:11,23.16,44.14,BuildingA_Floor1,TypeB
1013,2025-03-31 05:23:19,18.94,62.08,BuildingA_Floor2,TypeA
1068,2025-03-31 16:25:48,32.45,32.58,BuildingB_Floor2,TypeC
1086,2025-03-30 22:26:03,28.11,43.14,BuildingA_Floor1,TypeB
1083,2025-04-02 15:50:36,29.75,37.54,BuildingA_Floor2,TypeA
1094,2025-03-31 13:50:30,34.67,68.33,BuildingA_Floor1,TypeB
1028,2025-04-03 13:20:21,17.8,56.54,BuildingB_Floor1,TypeC
1058,2025-04-01 06:36:40,34.0,76.5,BuildingA_Floor2,TypeC
1026,2025-03-30 12:04:54,17.91,52.57,BuildingA_Floor2,TypeA
1003,2025-03-31 06:36:23,21.38,45.2,BuildingA_Floor2,TypeB
1086,2025-03-31 20:37:40,25.21,44.07,BuildingA_Floor2,TypeC
1019,2025-03-31 14:18:03,22.15,62.57,BuildingB_Floor2,TypeB
1033,2025-03-31 05:48:41,34.57,55.54,BuildingA_Floor2,TypeB
1054,2025-04-02 11:24:20,28.62,56.55,BuildingB_Floor1,TypeC
1054,2025-04-01 20:57:18,29.35,68.76,BuildingB_Floor1,TypeA
1088,2025-04-01 12:58:38,23.65,63.45,BuildingB_Floor1,TypeC
1018,2025-03-31 06:11:15,32.39,58.96,BuildingB_Floor1,TypeB
1023,2025-03-30 14:26:18,21.26,76.7,BuildingB_Floor2,TypeC
1022,2025-03-30 22:53:47,24.69,59.32,BuildingB_Floor1,TypeB
1042,2025-03-30 05:27:11,26.62,31.67,BuildingB_Floor1,TypeA
1054,2025-03-30 07:58:03,29.71,49.5,BuildingB_Floor1,TypeC
1081,2025-04-02 20:45:27,26.6,46.34,BuildingA_Floor2,TypeB
1040,2025-04-01 06:47:52,15.49,62.28,BuildingA_Floor1,TypeA
1053,2025-03-31 12:14:32,29.32,67.1,BuildingA_Floor1,TypeC
1069,2025-03-31 02:40:53,29.07,55.66,BuildingB_Floor1,TypeA
1046,2025-04-01 22:10:52,34.32,48.38,BuildingA_Floor2,TypeA
1067,2025-03-31 10:28:05,20.86,36.47,BuildingB_Floor2,TypeB
1051,2025-04-02 11:43:03,31.01,40.18,BuildingB_Floor1,TypeA
1094,2025-03-30 21:51:05,25.13,56.12,BuildingB_Floor1,TypeA
1011,2025-03-30 08:58:00,18.71,48.71,BuildingB_Floor1,TypeC
1037,2025-03-30 17:11:01,34.92,73.81,BuildingB_Floor2,TypeA
1041,2025-03-31 09:11:04,19.33,42.61,BuildingA_Floor1,TypeC
1038,2025-03-30 18:42:57,23.44,64.61,BuildingA_Floor2,TypeB
1074,2025-04-03 09:55:50,21.6,45.2,BuildingA_Floor2,TypeA
1061,2025-03-29 23:57:30,17.3,35.62,BuildingA_Floor2,TypeA
1063,2025-03-31 23:25:07,17.02,36.75,BuildingB_Floor1,TypeA
1034,2025-04-02 22:26:12,20.23,42.66,BuildingA_Floor2,TypeA
1067,2025-04-02 13:02:01,17.86,57.96,BuildingA_Floor2,TypeA
1099,2025-04-02 07:39:30,15.7,36.15,BuildingB_Floor2,TypeA
1025,2025-03-31 12:24:29,29.05,79.37,BuildingB_Floor1,TypeC
1096,2025-04-03 14:09:39,17.39,77.68,BuildingA_Floor2,TypeB
1007,2025-04-02 19:35:58,18.81,33.49,BuildingA_Floor2,TypeB
1066,2025-04-02 14:41:19,16.36,78.12,BuildingB_Floor2,TypeA
1041,2025-03-30 20:42:45,18.67,41.47,BuildingB_Floor2,TypeC
1071,2025-04-02 01:00:16,20.11,66.24,BuildingB_Floor1,TypeA
1014,2025-04-03 12:06:25,34.89,40.75,BuildingB_Floor2,TypeA
1064,2025-03-30 23:43:29,16.3,74.37,BuildingB_Floor2,TypeC
1040,2025-03-30 21:15:48,24.37,66.43,BuildingA_Floor2,TypeB
1043,2025-03-30 15:08:40,34.16,78.62,BuildingB_Floor2,TypeA
1038,2025-04-01 07:47:57,15.17,68.27,BuildingA_Floor2,TypeC
1042,2025-04-03 08:37:52,26.44,67.54,BuildingB_Floor2,TypeC
1059,2025-03-30 18:31:52,18.4,40.01,BuildingB_Floor1,TypeA
1050,2025-03-29 22:42:47,28.42,58.18,BuildingB_Floor2,TypeC
1043,2025-04-02 10:50:30,30.81,50.24,BuildingA_Floor1,TypeB
1061,2025-04-01 08:26:17,33.62,33.59,BuildingA_Floor1,TypeC
1054,2025-04-02 04:27:28,31.26,52.78,BuildingA_Floor2,TypeB
1082,2025-04-02 05:19:23,15.35,58.34,BuildingA_Floor2,TypeA
1062,2025-04-03 12:39:39,25.02,60.24,BuildingA_Floor2,TypeC
1097,2025-03-31 23:45:39,33.82,31.05,BuildingB_Floor2,TypeC
1023,2025-03-31 20:20:20,29.28,38.29,BuildingB_Floor2,TypeA
1092,2025-03-31 16:57:11,18.63,41.35,BuildingA_Floor2,TypeC
1077,2025-03-30 22:12:00,17.54,47.1,BuildingA_Floor1,TypeB
1044,2025-04-01 10:31:02,32.99,39.2,BuildingA_Floor2,TypeB
1089,2025-04-02 20:21:17,19.0,40.45,BuildingB_Floor2,TypeC
1100,2025-04-01 03:40:48,31.91,68.21,BuildingA_Floor2,TypeB
1054,2025-04-01 03:42:55,25.68,37.21,BuildingB_Floor1,TypeB
1017,2025-03-31 12:56:15,30.81,67.24,BuildingB_Floor2,TypeA
1039,2025-04-03 09:28:04,31.61,34.67,BuildingB_Floor1,TypeA
1022,2025-04-03 12:15:02,20.79,31.14,BuildingB_Floor2,TypeA
1026,2025-03-31 04:25:16,20.38,38.46,BuildingA_Floor1,TypeA
1084,2025-03-31 22:07:01,30.64,35.8,BuildingA_Floor1,TypeB
1098,2025-04-03 11:15:54,17.75,77.94,BuildingB_Floor2,TypeC
1100,2025-03-30 18:38:35,21.69,69.03,BuildingA_Floor2,TypeB
1014,2025-04-01 08:54:44,21.04,76.96,BuildingA_Floor1,TypeA
1059,2025-04-03 17:17:50,18.66,47.07,BuildingA_Floor1,TypeA
1036,2025-03-31 11:11:25,27.92,50.62,BuildingB_Floor2,TypeC
1063,2025-04-02 12:35:23,20.04,63.05,BuildingA_Floor2,TypeB
1006,2025-03-31 06:49:59,30.45,67.56,BuildingA_Floor2,TypeB
1062,2025-03-31 21:12:54,28.46,45.98,BuildingB_Floor2,TypeA
1043,2025-04-01 02:10:59,23.97,43.03,BuildingB_Floor2,TypeC
1097,2025-04-03 01:07:16,22.17,73.49,BuildingA_Floor1,TypeB
1088,2025-04-02 09:37:36,31.52,39.2,BuildingB_Floor1,TypeB
1055,2025-04-02 17:44:16,15.29,66.38,BuildingB_Floor2,TypeA
1002,2025-04-03 01:46:17,27.02,53.19,BuildingB_Floor1,TypeB
1024,2025-03-31 08:36:28,33.88,35.59,BuildingB_Floor1,TypeB
1033,2025-04-01 06:18:41,23.71,75.83,BuildingB_Floor1,TypeA
1094,2025-04-03 15:39:32,20.65,37.07,BuildingB_Floor2,TypeB
1037,2025-04-03 12:00:12,30.17,32.45,BuildingA_Floor1,TypeA
1027,2025-04-03 19:30:44,23.1,67.35,BuildingA_Floor2,TypeA
1066,2025-03-31 03:33:29,18.94,37.66,BuildingA_Floor1,TypeA
1010,2025-03-31 08:37:24,15.35,39.66,BuildingA_Floor2,TypeC
1009,2025-04-02 05:19:30,15.19,38.42,BuildingB_Floor2,TypeA
1093,2025-03-30 12:50:28,19.22,32.87,BuildingA_Floor1,TypeC
1044,2025-04-02 19:56:04,32.11,67.97,BuildingA_Floor1,TypeC
1024,2025-04-01 07:35:28,18.86,52.19,BuildingA_Floor1,TypeB
1023,2025-03-30 13:34:41,33.37,68.3,BuildingA_Floor1,TypeA
1004,2025-03-30 03:27:10,20.41,33.59,BuildingB_Floor2,TypeB
1030,2025-04-02 07:41:14,16.84,45.4,BuildingB_Floor2,TypeB
1058,2025-03-30 23:54:22,22.1,39.81,BuildingA_Floor2,TypeB
1091,2025-04-01 22:41:11,24.01,66.39,BuildingA_Floor1,TypeB
1036,2025-04-01 01:10:31,23.45,45.77,BuildingA_Floor1,TypeA
1049,2025-03-31 14:30:52,22.34,46.68,BuildingA_Floor1,TypeC
1019,2025-04-03 08:43:12,34.91,61.49,BuildingB_Floor2,TypeB
1022,2025-03-30 16:33:16,29.91,72.23,BuildingA_Floor1,TypeA
1014,2025-03-30 22:16:12,34.71,55.93,BuildingB_Floor2,TypeC
1014,2025-03-31 11:49:36,23.23,73.52,BuildingA_Floor1,TypeC
1007,2025-04-03 01:51:09,21.02,76.17,BuildingA_Floor1,TypeA
1052,2025-03-30 00:52:12,31.39,61.5,BuildingB_Floor2,TypeB
1043,2025-03-29 23:06:23,16.72,77.58,BuildingA_Floor1,TypeA
1017,2025-03-30 06:31:22,32.74,61.82,BuildingA_Floor2,TypeA
1026,2025-04-01 13:03:20,16.49,36.32,BuildingB_Floor1,TypeA
1081,2025-04-01 08:53:54,23.91,40.83,BuildingB_Floor2,TypeB
1062,2025-04-02 21:03:36,30.45,35.34,BuildingA_Floor2,TypeC
1069,2025-04-02 15:09:48,32.76,31.35,BuildingA_Floor1,TypeB
1027,2025-04-03 17:39:22,19.94,75.83,BuildingA_Floor1,TypeA
1001,2025-03-30 04:22:41,23.83,72.62,BuildingB_Floor2,TypeA
1012,2025-04-02 13:55:52,27.52,36.19,BuildingB_Floor2,TypeC
1033,2025-04-01 09:27:36,19.33,36.57,BuildingB_Floor2,TypeC
1078,2025-03-30 16:42:45,34.11,31.13,BuildingB_Floor1,TypeA
1008,2025-03-30 12:56:28,23.54,44.63,BuildingA_Floor1,TypeB
1095,2025-04-02 16:33:23,19.59,59.41,BuildingB_Floor1,TypeB
1062,2025-04-01 07:47:30,27.43,67.45,BuildingA_Floor2,TypeA
1033,2025-03-29 23:45:02,31.38,65.14,BuildingB_Floor2,TypeB
1018,2025-04-02 01:26:28,29.19,49.74,BuildingB_Floor1,TypeC
1034,2025-03-30 09:08:00,22.24,40.44,BuildingB_Floor2,TypeB
1057,2025-04-02 18:31:08,22.49,76.85,BuildingA_Floor1,TypeB
1084,2025-03-30 14:16:31,31.94,78.76,BuildingA_Floor2,TypeA
1057,2025-04-02 01:16:12,19.98,65.49,BuildingB_Floor1,TypeC
1071,2025-03-30 12:46:25,19.8,36.47,BuildingA_Floor1,TypeB
1024,2025-03-30 13:56:35,18.51,44.24,BuildingB_Floor2,TypeB
1092,2025-03-30 19:45:05,28.54,63.14,BuildingA_Floor2,TypeA
1044,2025-03-31 21:26:15,31.04,63.35,BuildingA_Floor1,TypeC
1020,2025-03-31 09:21:10,25.36,55.44,BuildingA_Floor1,TypeB
1014,2025-03-30 19:23:30,15.81,66.4,BuildingA_Floor1,TypeA
1062,2025-03-31 11:21:51,20.38,48.26,BuildingA_Floor1,TypeC
1059,2025-03-29 22:52:28,16.86,48.32,BuildingB_Floor1,TypeC
1069,2025-03-30 18:59:35,33.06,51.26,BuildingA_Floor2,TypeC
1000,2025-04-01 08:07:11,28.1,61.5,BuildingB_Floor1,TypeC
1057,2025-04-01 20:59:15,20.4,67.35,BuildingA_Floor2,TypeC
1087,2025-04-02 13:44:26,19.46,65.48,BuildingB_Floor2,TypeA
1060,2025-04-01 19:45:59,25.76,31.49,BuildingA_Floor1,TypeA
1052,2025-03-31 08:51:01,19.82,35.67,BuildingB_Floor1,TypeA
1076,2025-03-31 23:25:23,32.33,43.08,BuildingB_Floor1,TypeB
1042,2025-04-01 04:36:51,31.34,62.16,BuildingB_Floor1,TypeB
1060,2025-04-01 14:11:57,31.73,65.92,BuildingA_Floor1,TypeB
1050,2025-03-31 00:04:42,33.98,30.8,BuildingB_Floor2,TypeA
1044,2025-04-03 00:15:33,32.14,34.74,BuildingA_Floor1,TypeA
1082,2025-04-03 16:40:03,18.7,66.88,BuildingB_Floor2,TypeB
1067,2025-04-03 00:53:03,20.31,31.45,BuildingB_Floor2,TypeA
1009,2025-04-01 08:18:50,32.54,65.44,BuildingA_Floor2,TypeA
1018,2025-03-31 21:06:31,23.15,68.88,BuildingA_Floor2,TypeA
1010,2025-03-30 23:47:43,31.07,69.02,BuildingB_Floor2,TypeA
1036,2025-04-03 02:27:54,29.36,70.28,BuildingB_Floor2,TypeC
1083,2025-03-31 03:02:38,22.14,66.98,BuildingA_Floor1,TypeB
1051,2025-04-03 16:18:58,18.66,64.48,BuildingB_Floor2,TypeB
1079,2025-03-31 08:57:53,19.56,39.1,BuildingB_Floor1,TypeB
1021,2025-04-02 10:15:01,30.69,75.16,BuildingA_Floor1,TypeC
1027,2025-04-02 16:41:38,34.89,63.18,BuildingB_Floor1,TypeB
1037,2025-04-03 08:27:37,17.09,68.82,BuildingB_Floor2,TypeA
1044,2025-04-03 15:29:28,20.74,56.65,BuildingB_Floor1,TypeB
1049,2025-04-01 06:28:42,23.58,33.31,BuildingA_Floor2,TypeB
1001,2025-04-03 10:09:56,21.23,60.29,BuildingA_Floor1,TypeA
1043,2025-04-01 01:52:27,31.89,60.36,BuildingA_Floor2,TypeA
1013,2025-03-30 10:31:28,17.1,53.06,BuildingA_Floor1,TypeC
1009,2025-03-30 21:13:39,22.95,33.14,BuildingB_Floor1,TypeB
1020,2025-03-30 04:04:48,22.73,36.92,BuildingB_Floor1,TypeC
1008,2025-03-30 14:15:30,22.52,75.46,BuildingA_Floor2,TypeA
1048,2025-03-31 14:37:39,34.95,49.62,BuildingB_Floor2,TypeC
1012,2025-04-01 04:28:04,29.27,37.53,BuildingA_Floor1,TypeC
1098,2025-04-03 03:40:27,16.79,44.66,BuildingA_Floor1,TypeC
1064,2025-04-02 03:32:39,16.75,57.92,BuildingA_Floor1,TypeB
1052,2025-04-01 14:06:55,23.42,35.43,BuildingA_Floor1,TypeB
1050,2025-03-30 18:08:11,15.82,44.92,BuildingA_Floor1,TypeB
1047,2025-04-01 20:36:17,26.11,48.79,BuildingA_Floor2,TypeC
1050,2025-04-01 17:01:40,20.25,59.26,BuildingA_Floor2,TypeB
1081,2025-04-03 19:59:28,30.17,32.39,BuildingB_Floor1,TypeB
1090,2025-03-31 23:31:53,34.77,53.81,BuildingB_Floor2,TypeC
1060,2025-03-31 05:52:57,21.28,41.27,BuildingA_Floor2,TypeB
1068,2025-03-31 01:04:57,25.05,41.17,BuildingB_Floor1,TypeA
1094,2025-04-02 05:02:06,20.29,35.14,BuildingA_Floor2,TypeA
1078,2025-04-03 17:49:30,15.62,49.25,BuildingA_Floor1,TypeB
1086,2025-03-29 23:54:11,21.7,44.33,BuildingA_Floor1,TypeA
1053,2025-03-30 06:13:15,28.47,73.76,BuildingB_Floor1,TypeA
1012,2025-04-02 08:18:51,34.87,35.5,BuildingA_Floor2,TypeB
1094,2025-03-30 05:00:48,23.2,58.15,BuildingB_Floor2,TypeB
1030,2025-03-31 13:00:22,22.52,75.0,BuildingA_Floor1,TypeA
1035,2025-04-03 01:05:01,17.31,66.67,BuildingA_Floor2,TypeB
1011,2025-04-02 09:27:11,32.18,60.06,BuildingA_Floor1,TypeA
1028,2025-04-03 02:39:58,25.43,50.22,BuildingB_Floor2,TypeC
1046,2025-04-01 04:41:30,26.93,71.57,BuildingB_Floor2,TypeA
1054,2025-04-02 09:41:18,18.03,61.28,BuildingA_Floor2,TypeC
1088,2025-04-01 23:55:48,31.82,63.58,BuildingA_Floor1,TypeB
1024,2025-03-31 05:08:57,21.82,79.56,BuildingA_Floor2,TypeC
1062,2025-04-03 04:46:14,18.2,41.15,BuildingA_Floor1,TypeC
1037,2025-04-01 03:08:34,33.33,50.35,BuildingB_Floor2,TypeB
1063,2025-04-01 07:50:52,27.81,62.84,BuildingA_Floor2,TypeB
1010,2025-04-01 19:46:56,30.86,62.39,BuildingA_Floor2,TypeB
1054,2025-04-02 03:53:07,27.04,79.91,BuildingB_Floor2,TypeB
1003,2025-04-03 11:02:19,26.9,49.49,BuildingA_Floor2,TypeB
1086,2025-04-01 16:01:25,28.01,54.23,BuildingA_Floor1,TypeC
1099,2025-03-30 06:12:49,27.24,52.2,BuildingB_Floor1,TypeB
1006,2025-04-02 01:47:02,19.17,30.29,BuildingA_Floor2,TypeC
1081,2025-04-01 13:16:06,34.25,33.07,BuildingA_Floor2,TypeA
1014,2025-04-02 03:53:23,32.49,35.0,BuildingA_Floor2,TypeA
1068,2025-03-31 07:14:42,27.48,54.6,BuildingA_Floor1,TypeB
1003,2025-04-01 19:03:34,30.73,76.15,BuildingB_Floor2,TypeB
1002,2025-03-31 02:16:35,28.58,73.54,BuildingA_Floor1,TypeA
1030,2025-03-30 04:37:37,32.64,48.21,BuildingB_Floor1,TypeC
1094,2025-04-03 13:05:09,20.1,63.51,BuildingA_Floor2,TypeC
1056,2025-03-31 22:48:58,19.53,38.98,BuildingA_Floor1,TypeB
1050,2025-04-01 15:56:45,15.4,69.76,BuildingB_Floor2,TypeB
1019,2025-04-03 09:17:48,22.28,45.23,BuildingB_Floor1,TypeB
1084,2025-04-02 00:32:01,28.13,42.77,BuildingA_Floor1,TypeC
1005,2025-04-03 01:52:53,30.56,64.82,BuildingA_Floor2,TypeC
1100,2025-03-31 14:49:13,32.66,34.13,BuildingA_Floor1,TypeC
1018,2025-04-03 11:59:54,15.37,61.48,BuildingA_Floor2,TypeB
1072,2025-03-31 04:52:42,19.8,59.3,BuildingA_Floor2,TypeC
1061,2025-04-02 22:10:47,19.24,37.26,BuildingA_Floor2,TypeA
1048,2025-04-02 22:16:17,31.69,43.95,BuildingB_Floor2,TypeC
1002,2025-03-30 08:50:33,30.26,68.05,BuildingB_Floor1,TypeC
1093,2025-03-31 07:39:19,19.55,68.73,BuildingA_Floor1,TypeB
1037,2025-03-30 10:39:42,27.41,50.55,BuildingA_Floor2,TypeA
1056,2025-03-30 12:40:42,19.93,72.94,BuildingB_Floor1,TypeC
1019,2025-03-31 22:09:37,17.51,47.1,BuildingB_Floor2,TypeC
1099,2025-03-30 06:35:03,27.9,39.95,BuildingA_Floor2,TypeA
1044,2025-04-03 17:34:19,31.79,77.32,BuildingA_Floor2,TypeC
1001,2025-04-02 16:26:22,19.82,50.25,BuildingA_Floor1,TypeB
1045,2025-03-29 21:27:11,31.27,45.99,BuildingB_Floor2,TypeA
1022,2025-04-02 23:26:35,25.66,50.71,BuildingB_Floor1,TypeC
1050,2025-03-30 05:30:37,21.14,76.03,BuildingB_Floor2,TypeA
1044,2025-04-02 18:56:28,26.59,55.9,BuildingA_Floor1,TypeA
1048,2025-03-31 23:58:34,26.22,43.16,BuildingB_Floor2,TypeC
1027,2025-04-01 13:18:19,28.23,41.75,BuildingB_Floor2,TypeB
1054,2025-03-31 00:53:33,25.15,40.73,BuildingA_Floor1,TypeA
1080,2025-04-02 18:28:44,28.68,41.72,BuildingB_Floor2,TypeA
1040,2025-04-01 17:24:41,26.96,75.57,BuildingA_Floor1,TypeA
1053,2025-04-02 02:19:36,32.98,32.52,BuildingB_Floor1,TypeB
1033,2025-04-02 10:53:04,15.81,51.72,BuildingA_Floor1,TypeA
1090,2025-03-31 20:43:55,24.8,77.85,BuildingB_Floor2,TypeB
